{"cameraMode":{"drawMode":0,"name":"Shaded","section":"Shading Mode"},"sceneLighting":true,"audioPlay":false,"sceneViewState":{"m_AlwaysRefresh":false,"showFog":true,"showSkybox":true,"showFlares":true,"showImageEffects":true,"showParticleSystems":true,"showVisualEffectGraphs":true,"m_FxEnabled":true},"in2DMode":false,"pivot":{"x":9.293893814086914,"y":39.904335021972659,"z":51.45588684082031},"rotation":{"x":0.0024849707260727884,"y":-0.9842842817306519,"z":0.17606031894683839,"w":0.013890677131712437},"size":0.7683295011520386,"orthographic":false}