{"cameraMode":{"drawMode":0,"name":"Shaded","section":"Shading Mode"},"sceneLighting":false,"audioPlay":false,"sceneViewState":{"m_AlwaysRefresh":false,"showFog":true,"showSkybox":false,"showFlares":true,"showImageEffects":true,"showParticleSystems":true,"showVisualEffectGraphs":true,"m_FxEnabled":true},"in2DMode":false,"pivot":{"x":-0.3530098795890808,"y":0.20981621742248536,"z":-0.15907907485961915},"rotation":{"x":0.018192775547504426,"y":0.9728959202766419,"z":-0.21532276272773744,"w":0.08221028745174408},"size":6.838223934173584,"orthographic":false}