{"cameraMode":{"drawMode":0,"name":"Shaded","section":"Shading Mode"},"sceneLighting":false,"audioPlay":false,"sceneViewState":{"m_AlwaysRefresh":false,"showFog":true,"showSkybox":false,"showFlares":true,"showImageEffects":true,"showParticleSystems":true,"showVisualEffectGraphs":true,"m_FxEnabled":true},"in2DMode":false,"pivot":{"x":-0.5447596311569214,"y":2.3857686519622804,"z":4.505448818206787},"rotation":{"x":-0.000982749741524458,"y":0.9984928369522095,"z":0.01916356384754181,"w":0.05126787722110748},"size":4.771894454956055,"orthographic":false}