{"cameraMode":{"drawMode":0,"name":"Shaded","section":"Shading Mode"},"sceneLighting":false,"audioPlay":false,"sceneViewState":{"m_AlwaysRefresh":false,"showFog":true,"showSkybox":false,"showFlares":true,"showImageEffects":true,"showParticleSystems":true,"showVisualEffectGraphs":true,"m_FxEnabled":true},"in2DMode":false,"pivot":{"x":0.19878673553466798,"y":-0.3691185712814331,"z":-0.5245785713195801},"rotation":{"x":-0.16307732462882996,"y":0.0005876619252376258,"z":-0.00009702250099508092,"w":-0.9866036772727966},"size":3.007394790649414,"orthographic":false}